entity_type,name,sport,city,state,tier,cwg_2036_relevance,olympic_2032_relevance,digital_readiness,pipeline_stage,participants_or_capacity,frequency,age,gender,performance_level,funding_status,athletiq_opportunity_score,tags,notes,source_link
Event,Khelo India Youth Games 2026,Multi-Sport,Bhopal,Madhya Pradesh,Tier1,10,9,8,Elite,4500,Annual,N/A,Mixed,National,Fully_Funded,10,"CWG2036,Olympic2032,flagship,multi-sport",National-level multi-sport event; top 3 performers fast-tracked to SAI centres,https://kheloindia.gov.in
Event,Haryana State Wrestling Championship,Wrestling,Sonipat,Haryana,Tier2,9,9,5,Development,620,Annual,N/A,Mixed,State,Partially_Funded,9,"CWG2036,wrestling-belt,high-potential",Haryana produces 40% of India's Olympic wrestling medallists; strong rural pipeline,https://www.haryanasports.gov.in
Event,Bhiwani District Boxing Meet,Boxing,Bhiwani,Haryana,Tier3,9,9,3,Discovery,280,Annual,N/A,Mixed,District,Unfunded,8,"CWG2036,Olympic2032,rural-talent,boxing-hub",Bhiwani known as India's boxing nursery; produces national champions from farming families,https://www.saibhiwani.gov.in
Event,Tamil Nadu State Athletics Championship,Athletics,Coimbatore,Tamil Nadu,Tier2,8,8,6,Development,850,Annual,N/A,Mixed,State,Partially_Funded,8,"CWG2036,Olympic2032,athletics,south-india",TN consistently among top 3 states in national athletics; strong sprinting culture,https://www.tnasports.org
Event,Maharashtra State Shooting Championship,Shooting,Pune,Maharashtra,Metro,9,10,7,Development,320,Annual,N/A,Mixed,State,Partially_Funded,9,"Olympic2032,shooting,high-potential",Maharashtra leads in shooting; multiple Olympians from Pune/Kolhapur belt,https://www.nrai.in
Event,Punjab State Hockey Tournament,Hockey,Jalandhar,Punjab,Tier2,9,7,5,Development,480,Annual,N/A,Mixed,State,Partially_Funded,8,"CWG2036,hockey,Punjab-tradition",Punjab hockey tradition runs deep; many Indian team members from Jalandhar region,https://www.hockeyindia.org
Event,Manipur State Boxing Championship,Boxing,Imphal,Manipur,Tier2,9,9,4,Development,340,Annual,N/A,Mixed,State,Partially_Funded,9,"CWG2036,Olympic2032,boxing,northeast",Manipur has produced Mary Kom and numerous national boxing champions; NE boxing powerhouse,https://www.manipursports.gov.in
Event,Rohtak District Dangal,Wrestling,Rohtak,Haryana,Tier3,8,7,2,Discovery,150,Monthly,N/A,Male,Village,Unfunded,7,"rural-talent,wrestling,village-dangal,discovery",Monthly village dangals are primary talent identification mechanism in Haryana wrestling belt,https://www.haryanasports.gov.in
Event,Jharkhand State Archery Meet,Archery,Ranchi,Jharkhand,Tier2,8,8,4,Development,260,Annual,N/A,Mixed,State,Partially_Funded,8,"CWG2036,Olympic2032,tribal-talent,archery",Jharkhand tribal communities have natural archery talent; Deepika Kumari's home state,https://www.jharkhandandsports.gov.in
Event,Kerala State Badminton Championship,Badminton,Kochi,Kerala,Tier1,8,8,6,Development,380,Annual,N/A,Mixed,State,Partially_Funded,7,"CWG2036,Olympic2032,badminton",Kerala badminton scene growing; PV Sindhu effect driving participation across South,https://www.keralasports.org
Event,Rajasthan Rural Sports Festival,Multi-Sport,Jodhpur,Rajasthan,Tier2,6,5,3,Discovery,1200,Annual,N/A,Mixed,District,Unfunded,7,"rural-talent,multi-sport,discovery,tribal",Large participation from Rajasthani villages; wrestling and kabaddi dominate; minimal digital tracking,https://www.rajasthansports.org
Event,Kolkata District Table Tennis Open,Table Tennis,Kolkata,West Bengal,Metro,7,6,6,Development,180,Biannual,N/A,Mixed,District,Partially_Funded,6,"CWG2036,table-tennis,urban",Strong TT culture in Bengal; Sharath Kamal effect boosting junior participation,https://www.ttfi.org
Event,Gujarat State Kabaddi League,Kabaddi,Ahmedabad,Gujarat,Tier1,7,3,5,Development,560,Annual,N/A,Mixed,State,Partially_Funded,6,"CWG2036,kabaddi,commercial-potential",Pro Kabaddi League driving grassroots interest; Gujarat strong in both men's and women's kabaddi,https://www.prokabaddi.com
Event,Odisha State Hockey Championship,Hockey,Rourkela,Odisha,Tier2,9,7,5,Development,420,Annual,N/A,Mixed,State,Partially_Funded,8,"CWG2036,hockey,tribal-talent",Odisha government heavily invested in hockey; Birsa Munda Stadium in Rourkela; Sundargarh hockey belt,https://www.hockeyindia.org
Event,Karnataka State Swimming Championship,Swimming,Bangalore,Karnataka,Metro,7,6,7,Development,280,Annual,N/A,Mixed,State,Partially_Funded,6,"CWG2036,swimming,infrastructure",Bangalore has best swimming infrastructure in South India; growing competitive scene,https://www.swimmingfederation.in
Event,Assam State Boxing Championship,Boxing,Guwahati,Assam,Tier2,8,8,4,Development,220,Annual,N/A,Mixed,State,Partially_Funded,7,"CWG2036,Olympic2032,northeast,boxing",NE boxing tradition strong in Assam; Shiva Thapa's home state; SAI centre in Guwahati,https://www.bfi.org.in
Event,Telangana State Badminton Open,Badminton,Hyderabad,Telangana,Metro,8,8,7,Development,340,Annual,N/A,Mixed,State,Partially_Funded,7,"CWG2036,Olympic2032,badminton,Pullela-Academy",Hyderabad is India's badminton capital; Gopichand Academy nearby; deep talent pool,https://www.bai.org.in
Event,UP State Wrestling Championship,Wrestling,Lucknow,Uttar Pradesh,Tier1,9,8,4,Development,580,Annual,N/A,Mixed,State,Partially_Funded,8,"CWG2036,Olympic2032,wrestling,large-participation",UP second largest wrestling state after Haryana; massive rural participation base,https://www.upsports.gov.in
Event,Chennai District Chess Tournament,Chess,Chennai,Tamil Nadu,Metro,7,5,8,Development,450,Monthly,N/A,Mixed,District,Partially_Funded,6,"CWG2036,chess,Viswanathan-Anand-effect",Chennai is India's chess capital; 5 grandmasters from TN; monthly tournaments feed pipeline,https://www.aicf.in
Event,MP State Shooting Championship,Shooting,Bhopal,Madhya Pradesh,Tier1,9,10,6,Development,240,Annual,N/A,Mixed,State,Partially_Funded,8,"Olympic2032,shooting,high-medal-potential",MP Academy of Shooting has produced multiple Olympians; Bhopal is shooting hub,https://www.nrai.in
Event,Hisar Village Dangal Circuit,Wrestling,Hisar,Haryana,Tier3,7,6,1,Discovery,200,Weekly,N/A,Male,Village,Unfunded,7,"rural-talent,wrestling,village-dangal,pen-paper",Weekly dangals in Hisar villages; zero digital infrastructure; pure talent identification opportunity,https://www.haryanasports.gov.in
Event,Tata Mumbai Marathon Youth Run,Athletics,Mumbai,Maharashtra,Metro,7,7,9,Development,3200,Annual,N/A,Mixed,National,Fully_Funded,7,"CWG2036,athletics,urban,well-funded",Youth category attracts emerging distance runners; fully digital race timing and tracking,https://www.tatamumbaimarathon.procam.in
Event,Jharkhand Tribal Archery Festival,Archery,Simdega,Jharkhand,Rural,7,7,2,Discovery,350,Annual,N/A,Mixed,Village,Unfunded,8,"tribal-talent,archery,discovery,rural-talent",Tribal archery has centuries-old tradition; untapped talent for Olympic-style recurve archery,https://www.jharkhandsports.gov.in
Event,Patiala District Athletics Meet,Athletics,Patiala,Punjab,Tier2,8,7,5,Development,320,Annual,N/A,Mixed,District,Partially_Funded,7,"CWG2036,athletics,NIS-Patiala",NIS Patiala nearby provides coaching expertise; district meets feed into state trials,https://www.nispatiala.nic.in
Event,Karnataka State Weightlifting Championship,Weightlifting,Mangalore,Karnataka,Tier2,8,8,5,Development,180,Annual,N/A,Mixed,State,Partially_Funded,7,"CWG2036,Olympic2032,weightlifting",Mirabai Chanu effect driving weightlifting interest; Karnataka producing junior lifters,https://www.iwf.net
Event,West Bengal State Football Championship,Football,Siliguri,West Bengal,Tier2,7,5,5,Development,640,Annual,N/A,Mixed,State,Partially_Funded,6,"CWG2036,football,Bengal-football-culture",Bengal has deepest football culture in India; Mohun Bagan/East Bengal feeder system,https://www.the-aiff.com
Event,Imphal District Boxing Open,Boxing,Imphal,Manipur,Tier2,9,9,3,Discovery,160,Biannual,N/A,Mixed,District,Unfunded,8,"CWG2036,Olympic2032,boxing,northeast,discovery",Biannual district meet discovers raw talent from Manipur villages; many champions started here,https://www.bfi.org.in
Event,Chhattisgarh State Archery Championship,Archery,Raipur,Chhattisgarh,Tier2,7,7,3,Development,190,Annual,N/A,Mixed,State,Unfunded,7,"archery,tribal-talent,emerging-state",Emerging archery state with tribal talent base; minimal infrastructure but raw skill pool,https://www.cgsports.gov.in
Event,Delhi NCR School Sports League,Multi-Sport,New Delhi,Delhi,Metro,7,6,8,Discovery,5200,Annual,N/A,Mixed,District,Fully_Funded,6,"school-sports,multi-sport,urban,digital",Large-scale school sports covering 200+ schools; good digital infrastructure but saturated market,https://www.delhisports.gov.in
Event,Chandigarh Cycling Championship,Cycling,Chandigarh,Punjab,Tier1,7,6,6,Development,180,Annual,N/A,Mixed,State,Partially_Funded,6,"CWG2036,cycling,emerging-sport",Cycling gaining popularity in North India; Chandigarh's cycling infrastructure supports growth,https://www.cyclingfederation.in
Event,Guwahati District Wrestling Meet,Wrestling,Guwahati,Assam,Tier2,7,6,3,Discovery,120,Annual,N/A,Mixed,District,Unfunded,6,"wrestling,northeast,emerging",NE wrestling emerging; Assam produces some national-level wrestlers; needs investment,https://www.wfi.in
Event,Visakhapatnam Beach Kabaddi Tournament,Kabaddi,Visakhapatnam,Andhra Pradesh,Tier2,7,3,4,Discovery,240,Annual,N/A,Mixed,District,Unfunded,5,"kabaddi,beach-sport,coastal",Unique beach kabaddi format; coastal AP has strong kabaddi tradition; tourism angle,https://www.prokabaddi.com
Event,Ludhiana Cycling Gran Fondo,Cycling,Ludhiana,Punjab,Tier2,6,5,5,Development,400,Annual,N/A,Mixed,District,Partially_Funded,5,"cycling,Punjab,mass-participation",Mass participation cycling event; growing from 200 to 400 riders in 3 years,https://www.cyclingfederation.in
Event,Nagpur Inter-Academy Boxing Cup,Boxing,Nagpur,Maharashtra,Tier2,8,8,5,Development,180,Annual,N/A,Mixed,State,Partially_Funded,7,"boxing,academy-circuit,development",Inter-academy format builds competitive depth; Nagpur emerging as Central India boxing hub,https://www.bfi.org.in
Event,Thiruvananthapuram State Volleyball Championship,Volleyball,Thiruvananthapuram,Kerala,Tier2,7,5,5,Development,320,Annual,N/A,Mixed,State,Partially_Funded,5,"CWG2036,volleyball,Kerala",Kerala volleyball is culturally significant; strong inter-district competition,https://www.vfi.org.in
Event,Jaipur Royal Polo Cup,Polo,Jaipur,Rajasthan,Tier1,3,2,7,Elite,60,Annual,N/A,Mixed,National,Fully_Funded,3,"niche-sport,heritage,elite",Heritage sport event; limited mass participation but high media visibility,https://www.rajpolo.com
Event,Bhubaneswar Hockey World League,Hockey,Bhubaneswar,Odisha,Metro,10,8,8,Elite,1200,Annual,N/A,Mixed,International,Fully_Funded,8,"CWG2036,hockey,world-class-venue",Kalinga Stadium is world-class; Odisha government's hockey investment is model for other states,https://www.hockeyindia.org
Event,Bareilly District Kabaddi Tournament,Kabaddi,Bareilly,Uttar Pradesh,Tier3,6,3,2,Discovery,280,Annual,N/A,Mixed,District,Unfunded,5,"kabaddi,UP,rural-talent,discovery",UP rural kabaddi tournaments are massive but poorly documented; talent slips through cracks,https://www.prokabaddi.com
Event,Shillong Archery Festival,Archery,Shillong,Meghalaya,Tier2,7,7,3,Discovery,200,Annual,N/A,Mixed,District,Unfunded,7,"archery,northeast,tribal-talent,cultural",Khasi archery tradition; unique cultural heritage combined with competitive potential,https://www.meghalayasports.gov.in
Event,Indore State Badminton Open,Badminton,Indore,Madhya Pradesh,Tier2,7,7,6,Development,260,Annual,N/A,Mixed,State,Partially_Funded,6,"CWG2036,badminton,MP",MP badminton gaining ground; Indore has good indoor stadium infrastructure,https://www.bai.org.in
Event,Varanasi Ganga Marathon,Athletics,Varanasi,Uttar Pradesh,Tier2,6,5,5,Development,1800,Annual,N/A,Mixed,District,Partially_Funded,5,"athletics,marathon,cultural-tourism",Combines marathon with cultural tourism; attracts runners from across North India,https://www.varanasimarathon.com
Event,Jamshedpur Steel City Football Cup,Football,Jamshedpur,Jharkhand,Tier2,7,5,5,Development,320,Annual,N/A,Mixed,State,Partially_Funded,6,"football,Tata-backed,industrial-town",Tata Steel supports local football; Jamshedpur FC academy feeds into ISL system,https://www.jamshedpurfc.com
Event,Kohima Hornbill Wrestling Championship,Wrestling,Kohima,Nagaland,Tier3,6,5,2,Discovery,100,Annual,N/A,Male,State,Unfunded,6,"wrestling,Naga-tradition,cultural,northeast",Naga wrestling during Hornbill Festival; unique indigenous wrestling style with potential crossover,https://www.hornbillfestival.com
Event,Vijayawada District Swimming Meet,Swimming,Vijayawada,Andhra Pradesh,Tier2,6,5,4,Discovery,140,Annual,N/A,Mixed,District,Unfunded,5,"swimming,AP,infrastructure-gap",Growing swimming interest but pool infrastructure limited; needs investment for competitive development,https://www.swimmingfederation.in
Event,Dehradun Inter-School Athletics Championship,Athletics,Dehradun,Uttarakhand,Tier2,7,6,5,Discovery,680,Annual,N/A,Mixed,District,Partially_Funded,6,"athletics,school-sports,hill-talent",Hill region produces natural endurance athletes; altitude training advantage; school system well-organized,https://www.uttarakhandsports.gov.in
Event,Mysuru District Chess Open,Chess,Mysuru,Karnataka,Tier2,6,5,7,Development,220,Monthly,N/A,Mixed,District,Partially_Funded,5,"chess,Karnataka,digital-ready",Monthly chess tournaments with digital rating tracking; Karnataka chess federation well-organized,https://www.kca.org.in
Event,Gwalior State Gymnastics Championship,Gymnastics,Gwalior,Madhya Pradesh,Tier2,7,6,4,Development,120,Annual,N/A,Mixed,State,Partially_Funded,6,"CWG2036,gymnastics,emerging-sport",Dipa Karmakar's success inspiring gymnastics growth; MP investing in infrastructure,https://www.indiangymnastics.com
Event,Coimbatore District Weightlifting Meet,Weightlifting,Coimbatore,Tamil Nadu,Tier2,8,8,5,Development,150,Annual,N/A,Mixed,District,Partially_Funded,7,"CWG2036,Olympic2032,weightlifting,TN",TN weightlifting growing; Coimbatore produces junior national medalists; Mirabai Chanu effect,https://www.iwlf.in
Event,Patna State Shooting Championship,Shooting,Patna,Bihar,Tier2,8,9,4,Development,140,Annual,N/A,Mixed,State,Unfunded,7,"Olympic2032,shooting,emerging-state",Bihar shooting emerging; Shreyasi Singh from Bihar won CWG gold; infrastructure needs improvement,https://www.nrai.in
Event,Amritsar Heritage Hockey Festival,Hockey,Amritsar,Punjab,Tier2,8,6,4,Discovery,280,Annual,N/A,Mixed,District,Partially_Funded,6,"CWG2036,hockey,heritage,Punjab",Heritage festival celebrating Punjab hockey tradition; veterans mentor young players,https://www.hockeyindia.org
Academy,Hari Om Wrestling Akhada,Wrestling,Sonipat,Haryana,Tier2,9,9,3,Development,85,N/A,N/A,Mixed,State,Partially_Funded,9,"CWG2036,Olympic2032,wrestling-akhada,Haryana","Mud-pit akhada with 40+ years history; produced 3 national champions; needs digital infrastructure upgrade",https://www.wfi.in
Academy,Chennai Shooting Academy,Shooting,Chennai,Tamil Nadu,Metro,9,10,7,Development,60,N/A,N/A,Mixed,National,Partially_Funded,8,"Olympic2032,shooting,south-india,established","10m and 50m ranges; electronic scoring; 2 Olympians trained here; strong coaching staff",https://www.nrai.in
Academy,Imphal Boxing Club,Boxing,Imphal,Manipur,Tier2,9,9,4,Development,45,N/A,N/A,Mixed,National,Partially_Funded,9,"CWG2036,Olympic2032,boxing,northeast,Mary-Kom-legacy","Mary Kom trained nearby; produces 5+ national medalists annually; basic but effective infrastructure",https://www.bfi.org.in
Academy,Kolkata Table Tennis Centre,Table Tennis,Kolkata,West Bengal,Metro,7,6,6,Development,40,N/A,N/A,Mixed,State,Partially_Funded,6,"CWG2036,table-tennis,urban,Bengal","4-table centre with coaching staff of 3; produces state-level players; digital ranking system",https://www.ttfi.org
Academy,Patiala Athletics Academy,Athletics,Patiala,Punjab,Tier2,8,8,7,Elite,70,N/A,N/A,Mixed,National,Fully_Funded,8,"CWG2036,Olympic2032,NIS-affiliated,athletics","Adjacent to NIS Patiala; access to world-class track and field facilities; SAI supported",https://www.nispatiala.nic.in
Academy,Bellary JSW Sports Academy,Multi-Sport,Bellary,Karnataka,Tier3,10,9,9,Elite,120,N/A,N/A,Mixed,International,Fully_Funded,9,"CWG2036,Olympic2032,world-class,JSW-backed","JSW Inspire Institute of Sport; Olympic-standard facilities; 8+ sports; international coaches",https://www.jsw.in/sports
Academy,Rohtak Wrestling Academy,Wrestling,Rohtak,Haryana,Tier3,9,8,3,Development,55,N/A,N/A,Male,State,Unfunded,8,"CWG2036,wrestling,rural-talent,unfunded","Traditional akhada modernizing; 2 SAI-certified coaches; needs equipment and digital tools",https://www.wfi.in
Academy,Bhopal Shooting Academy,Shooting,Bhopal,Madhya Pradesh,Tier1,9,10,7,Elite,50,N/A,N/A,Mixed,National,Fully_Funded,8,"Olympic2032,shooting,MP-Academy,medal-factory","Part of MP State Shooting Academy network; electronic targets; Olympian coaches on staff",https://www.nrai.in
Academy,Guwahati Boxing Training Centre,Boxing,Guwahati,Assam,Tier2,8,8,4,Development,40,N/A,N/A,Mixed,State,Partially_Funded,7,"CWG2036,Olympic2032,boxing,northeast","SAI-supported centre; 3 coaches including 1 international; ring and basic gym equipment",https://www.bfi.org.in
Academy,Jaipur Badminton Academy,Badminton,Jaipur,Rajasthan,Tier1,7,7,6,Development,50,N/A,N/A,Mixed,State,Partially_Funded,6,"CWG2036,badminton,north-India","4-court indoor facility; 2 national-level coaches; growing junior enrollment",https://www.bai.org.in
Academy,Sundargarh Hockey Academy,Hockey,Sundargarh,Odisha,Rural,9,7,3,Development,65,N/A,N/A,Mixed,National,Partially_Funded,9,"CWG2036,hockey,tribal-talent,Odisha-model","Tribal boys and girls from Sundargarh district; produced Indian team members; astroturf ground",https://www.hockeyindia.org
Academy,Karnal Weightlifting Centre,Weightlifting,Karnal,Haryana,Tier3,8,8,3,Development,30,N/A,N/A,Mixed,State,Unfunded,7,"CWG2036,Olympic2032,weightlifting,Haryana","Basic equipment but strong coaching; 1 NIS-certified coach; needs platform and modern weights",https://www.iwlf.in
Academy,Ranchi Archery School,Archery,Ranchi,Jharkhand,Tier2,8,8,5,Development,50,N/A,N/A,Mixed,National,Partially_Funded,8,"CWG2036,Olympic2032,archery,Deepika-Kumari-school","Deepika Kumari's legacy drives enrollment; SAI-supported; recurve and compound training",https://www.archeryassociationofindia.org
Academy,Thiruvananthapuram Athletics Club,Athletics,Thiruvananthapuram,Kerala,Tier2,8,7,5,Development,55,N/A,N/A,Mixed,State,Partially_Funded,7,"CWG2036,athletics,Kerala,sprinting","Kerala produces sprinters and jumpers; synthetic track access; 2 experienced coaches",https://www.keralasports.org
Academy,Ludhiana Hockey Academy,Hockey,Ludhiana,Punjab,Tier2,9,7,4,Development,60,N/A,N/A,Mixed,State,Partially_Funded,7,"CWG2036,hockey,Punjab-tradition","Strong local hockey tradition; astroturf ground; 2 former Olympians as visiting coaches",https://www.hockeyindia.org
Academy,Vijayanagar Wrestling Centre,Wrestling,Hospet,Karnataka,Tier3,8,7,3,Development,35,N/A,N/A,Male,District,Unfunded,7,"wrestling,south-India,emerging,discovery","South India wrestling emerging; Karnataka kushti tradition; needs modern equipment",https://www.wfi.in
Academy,Hyderabad Badminton Academy,Badminton,Hyderabad,Telangana,Metro,9,9,8,Elite,75,N/A,N/A,Mixed,International,Fully_Funded,8,"CWG2036,Olympic2032,Gopichand-model,world-class","Inspired by Gopichand Academy model; 6 courts; international coaching staff; well-funded",https://www.bai.org.in
Academy,Bhiwani Boxing Academy,Boxing,Bhiwani,Haryana,Tier3,9,9,3,Development,40,N/A,N/A,Mixed,National,Partially_Funded,9,"CWG2036,Olympic2032,boxing-nursery,Bhiwani","Bhiwani is Mini Cuba of boxing; produced Vijender Singh; basic but battle-tested facility",https://www.bfi.org.in
Academy,Pune Swimming Club,Swimming,Pune,Maharashtra,Metro,7,6,7,Development,80,N/A,N/A,Mixed,State,Partially_Funded,6,"CWG2036,swimming,urban,Pune","50m Olympic pool; 4 certified coaches; strong junior program; digital timing system",https://www.swimmingfederation.in
Academy,Manipur Weightlifting Academy,Weightlifting,Imphal,Manipur,Tier2,9,9,4,Development,35,N/A,N/A,Mixed,National,Partially_Funded,9,"CWG2036,Olympic2032,weightlifting,Mirabai-legacy","Mirabai Chanu's legacy; NE weightlifting powerhouse; SAI-supported; needs modern platform",https://www.iwlf.in
Academy,Dharamshala Cricket & Athletics Academy,Athletics,Dharamshala,Himachal Pradesh,Tier3,7,6,4,Development,45,N/A,N/A,Mixed,State,Partially_Funded,6,"athletics,hill-station,altitude-training","Altitude training advantage for middle-distance runners; scenic location attracts trainees",https://www.hpsports.gov.in
Academy,Nagpur Judo Centre,Judo,Nagpur,Maharashtra,Tier2,8,7,5,Development,30,N/A,N/A,Mixed,State,Partially_Funded,6,"CWG2036,judo,central-India","2 tatami mats; NIS-certified coach; produces state medalists; growing enrollment",https://www.judoindia.org
Academy,Shivaji Kushti Kendra,Wrestling,Sangli,Maharashtra,Tier3,8,7,3,Development,40,N/A,N/A,Mixed,District,Unfunded,7,"wrestling,Maharashtra-kushti,rural-talent","Traditional Maharashtra kushti centre; red soil akhada; 50+ years of tradition",https://www.wfi.in
Academy,Thoubal Boxing Club,Boxing,Thoubal,Manipur,Rural,8,8,2,Discovery,25,N/A,N/A,Mixed,District,Unfunded,8,"boxing,northeast,rural-talent,discovery","Rural boxing club run by former state boxer; produces raw talent with minimal resources",https://www.bfi.org.in
Academy,Vizag Swimming Academy,Swimming,Visakhapatnam,Andhra Pradesh,Tier2,7,6,5,Development,45,N/A,N/A,Mixed,State,Partially_Funded,5,"CWG2036,swimming,coastal,AP","Coastal training advantage; 25m pool; 2 coaches; growing competitive culture",https://www.swimmingfederation.in
Academy,Coimbatore Chess Academy,Chess,Coimbatore,Tamil Nadu,Tier2,7,5,8,Development,60,N/A,N/A,Mixed,State,Partially_Funded,6,"chess,TN,digital-ready,Viswanathan-Anand","Fully digital with online and offline coaching; produces FIDE-rated players; TN chess belt",https://www.aicf.in
Academy,Rourkela Hockey Training Centre,Hockey,Rourkela,Odisha,Tier2,9,7,5,Development,55,N/A,N/A,Mixed,National,Partially_Funded,8,"CWG2036,hockey,Odisha-model,Kalinga","Adjacent to Birsa Munda Hockey Stadium; Odisha government fully backs hockey development",https://www.hockeyindia.org
Academy,Jammu Wrestling Academy,Wrestling,Jammu,Jammu & Kashmir,Tier2,8,7,3,Development,30,N/A,N/A,Mixed,State,Unfunded,7,"wrestling,J&K,emerging,border-region","J&K wrestling growing; mountain-region athletes have natural strength; needs modern facilities",https://www.wfi.in
Academy,Madurai Athletics Training Centre,Athletics,Madurai,Tamil Nadu,Tier2,8,7,5,Development,50,N/A,N/A,Mixed,State,Partially_Funded,7,"CWG2036,athletics,TN,south-India","South TN athletics hub; produces sprinters and shot-putters; university-affiliated",https://www.tnasports.org
Academy,Cuttack Football Academy,Football,Cuttack,Odisha,Tier2,7,5,5,Development,55,N/A,N/A,Mixed,State,Partially_Funded,6,"football,Odisha,youth-development","Odisha football growing; ISL team East Bengal scouting from here; 2 licensed coaches",https://www.the-aiff.com
Academy,Ernakulam Kayaking Club,Canoeing,Kochi,Kerala,Tier1,7,6,5,Development,25,N/A,N/A,Mixed,State,Partially_Funded,6,"CWG2036,canoeing,Kerala-waterways","Kerala's waterways ideal for canoeing training; niche sport with medal potential at CWG",https://www.canoeingfederation.in
Athlete,Ravi Kumar Dahiya Jr,Wrestling,Sonipat,Haryana,Tier2,9,9,4,Development,N/A,N/A,17,Male,National,Partially_Funded,9,"CWG2036,Olympic2032,wrestling,high-potential","57kg freestyle; Under-17 national gold; 4 consecutive state golds; training at SAI Sonipat",https://www.wfi.in
Athlete,Priya Sharma,Athletics,Coimbatore,Tamil Nadu,Tier2,8,8,5,Development,N/A,N/A,19,Female,National,Partially_Funded,8,"CWG2036,Olympic2032,athletics,sprinting","100m in 11.68s; 200m in 23.9s; State champion 2025; Khelo India bronze medalist",https://www.tnasports.org
Athlete,Md. Hussamuddin Ahmed,Boxing,Bhiwani,Haryana,Tier3,9,9,3,Elite,N/A,N/A,22,Male,International,Partially_Funded,9,"CWG2036,Olympic2032,boxing,Bhiwani-product","56kg; CWG bronze medalist; training for Olympic qualification; needs international exposure funding",https://www.bfi.org.in
Athlete,Anjali Bhagwat Jr,Shooting,Pune,Maharashtra,Metro,9,10,7,Development,N/A,N/A,16,Female,National,Partially_Funded,9,"Olympic2032,shooting,high-potential,Pune","10m Air Rifle 631.2 qualification score; Junior National silver; trains at Maharashtra Rifle Association",https://www.nrai.in
Athlete,Sanjay Meitei,Boxing,Imphal,Manipur,Tier2,9,9,4,Development,N/A,N/A,20,Male,National,Partially_Funded,8,"CWG2036,Olympic2032,boxing,northeast","60kg; National Games gold 2025; powerful counter-puncher; needs international sparring exposure",https://www.bfi.org.in
Athlete,Deepa Kumari,Archery,Ranchi,Jharkhand,Tier2,8,8,4,Development,N/A,N/A,18,Female,State,Partially_Funded,8,"CWG2036,Olympic2032,archery,tribal-talent","Recurve 620 points; State champion; tribal background; trains at Jharkhand Archery Academy",https://www.archeryassociationofindia.org
Athlete,Gurpreet Singh,Hockey,Jalandhar,Punjab,Tier2,9,7,5,Development,N/A,N/A,21,Male,National,Partially_Funded,7,"CWG2036,hockey,Punjab,midfielder","National U-21 team member; strong dribbling and passing; spotted at Punjab State tournament",https://www.hockeyindia.org
Athlete,Lakshmi Devi,Weightlifting,Imphal,Manipur,Tier2,9,9,3,Development,N/A,N/A,19,Female,National,Partially_Funded,9,"CWG2036,Olympic2032,weightlifting,Mirabai-protege","49kg; Clean & Jerk 85kg; Snatch 72kg; National bronze; trains under Mirabai's coach",https://www.iwlf.in
Athlete,Rohit Yadav,Wrestling,Rohtak,Haryana,Tier3,9,8,2,Discovery,N/A,N/A,15,Male,District,Unfunded,8,"wrestling,rural-talent,discovery,high-potential","74kg; Undefeated in district dangals; no formal training yet; spotted by local coach",https://www.wfi.in
Athlete,Meenakshi Raghavan,Badminton,Kochi,Kerala,Tier1,8,7,6,Development,N/A,N/A,17,Female,State,Partially_Funded,7,"CWG2036,badminton,Kerala,women","U-17 state champion; strong defensive game; training at Kerala Badminton Academy",https://www.bai.org.in
Athlete,Vikram Rathore,Shooting,Bhopal,Madhya Pradesh,Tier1,9,10,7,Elite,N/A,N/A,23,Male,International,Fully_Funded,9,"Olympic2032,shooting,MP-Academy,medal-contender","50m Rifle 3-Position 1178 points; World Cup stage finalist; SAI TOPS scheme supported",https://www.nrai.in
Athlete,Nirmala Kumari,Athletics,Patiala,Punjab,Tier2,8,7,5,Development,N/A,N/A,20,Female,National,Partially_Funded,7,"CWG2036,athletics,400m,NIS-trained","400m in 52.8s; National Inter-State silver; training at NIS Patiala complex",https://www.nispatiala.nic.in
Athlete,Birsa Hembrom,Archery,Simdega,Jharkhand,Rural,8,8,2,Discovery,N/A,N/A,14,Male,Village,Unfunded,8,"archery,tribal-talent,discovery,rural,untapped","Self-taught with bamboo bow; exceptional accuracy noticed at tribal festival; needs recurve transition",https://www.jharkhandsports.gov.in
Athlete,Khushi Patel,Swimming,Bangalore,Karnataka,Metro,7,6,7,Development,N/A,N/A,16,Female,State,Partially_Funded,6,"CWG2036,swimming,Karnataka,youth","200m butterfly 2:22.4; State champion; training at SAI Bangalore; strong underwater kick",https://www.swimmingfederation.in
Athlete,Suresh Naik,Kabaddi,Ahmedabad,Gujarat,Tier1,7,3,5,Development,N/A,N/A,22,Male,State,Partially_Funded,5,"kabaddi,Gujarat,PKL-prospect","Right raider; 65 raid points in state league; PKL franchise scouts tracking",https://www.prokabaddi.com
Athlete,Thangmuansang,Boxing,Thoubal,Manipur,Rural,9,8,2,Discovery,N/A,N/A,16,Male,District,Unfunded,9,"boxing,northeast,rural-talent,discovery,raw-talent","52kg; Explosive power; won Thoubal district championship at 15; no formal coaching yet",https://www.bfi.org.in
Athlete,Shalini Verma,Weightlifting,Karnal,Haryana,Tier3,8,8,3,Development,N/A,N/A,18,Female,State,Unfunded,8,"CWG2036,Olympic2032,weightlifting,Haryana,women","55kg; Clean & Jerk 78kg; Snatch 62kg; Haryana state silver; self-funded training",https://www.iwlf.in
Athlete,Arun Krishnan,Chess,Chennai,Tamil Nadu,Metro,7,5,9,Development,N/A,N/A,15,Male,National,Partially_Funded,6,"chess,TN,prodigy,digital-native","FIDE rating 2180; National Under-16 3rd; youngest IM norm holder from TN; plays online and offline",https://www.aicf.in
Athlete,Renu Yadav,Athletics,Lucknow,Uttar Pradesh,Tier1,8,7,4,Development,N/A,N/A,21,Female,National,Partially_Funded,7,"CWG2036,athletics,heptathlon,UP","Heptathlon 5420 points; National 5th; strong javelin and 800m; needs technical coaching",https://www.upsports.gov.in
Athlete,David Thanglian,Football,Aizawl,Mizoram,Tier3,7,5,4,Development,N/A,N/A,19,Male,State,Unfunded,6,"football,northeast,I-League-prospect","Left winger; 12 goals in Mizoram Premier League; ISL franchise scouting; quick and agile",https://www.the-aiff.com
Athlete,Pooja Bishnoi,Wrestling,Jodhpur,Rajasthan,Tier2,9,8,3,Development,N/A,N/A,17,Female,State,Unfunded,8,"CWG2036,Olympic2032,wrestling,women,Rajasthan","53kg; Rajasthan state gold; breaking barriers in conservative region; fierce competitor",https://www.wfi.in
Athlete,Mahesh Gowda,Athletics,Mangalore,Karnataka,Tier2,8,7,5,Development,N/A,N/A,20,Male,State,Partially_Funded,7,"CWG2036,athletics,decathlon,Karnataka","Decathlon 6850 points; State champion; strong in throwing events; needs technical coaching for jumps",https://www.afi.org.in
Athlete,Neha Goswami,Table Tennis,Kolkata,West Bengal,Metro,7,6,6,Development,N/A,N/A,14,Female,State,Partially_Funded,6,"CWG2036,table-tennis,Bengal,youth","State U-15 champion; aggressive forehand; training at KTTC; potential for national ranking",https://www.ttfi.org
Athlete,Ajay Rana,Hockey,Sundargarh,Odisha,Rural,9,7,3,Development,N/A,N/A,18,Male,National,Partially_Funded,8,"CWG2036,hockey,tribal-talent,Odisha","Tribal midfielder; Junior India camp invitee; exceptional stamina; Sundargarh hockey product",https://www.hockeyindia.org
Athlete,Sarita Devi Jr,Boxing,Guwahati,Assam,Tier2,9,8,4,Development,N/A,N/A,20,Female,National,Partially_Funded,8,"CWG2036,Olympic2032,boxing,women,northeast","60kg; National championship bronze; southpaw; strong body shots; named after Sarita Devi",https://www.bfi.org.in
Athlete,Manoj Kumar,Cycling,Chandigarh,Punjab,Tier1,7,6,5,Development,N/A,N/A,23,Male,State,Unfunded,6,"CWG2036,cycling,Punjab,endurance","Road cycling; State TT champion; 40km TT in 52:14; needs international-grade bicycle",https://www.cyclingfederation.in
Athlete,Kiran Devi,Judo,Nagpur,Maharashtra,Tier2,8,7,5,Development,N/A,N/A,19,Female,State,Partially_Funded,6,"CWG2036,judo,Maharashtra,women","57kg; State gold; strong osoto-gari technique; trains at Nagpur Judo Centre",https://www.judoindia.org
Athlete,Rajesh Oraon,Athletics,Simdega,Jharkhand,Rural,8,7,2,Discovery,N/A,N/A,16,Male,District,Unfunded,8,"athletics,tribal-talent,discovery,rural,distance-running","5000m in 15:42 barefoot; tribal festival runner; exceptional VO2 max potential; needs shoes and coaching",https://www.jharkhandsports.gov.in
Athlete,Ananya Srinivasan,Badminton,Hyderabad,Telangana,Metro,8,8,8,Development,N/A,N/A,15,Female,National,Partially_Funded,8,"CWG2036,Olympic2032,badminton,Gopichand-disciple","Junior national quarterfinalist; sharp net play; trains at Gopichand-model academy",https://www.bai.org.in
Athlete,Balwinder Singh,Wrestling,Patiala,Punjab,Tier2,9,8,4,Development,N/A,N/A,22,Male,National,Partially_Funded,7,"CWG2036,Olympic2032,wrestling,Punjab,Greco-Roman","86kg Greco-Roman; National silver; strong throws; training at NIS Patiala",https://www.wfi.in
Athlete,Tanya Mehta,Gymnastics,Gwalior,Madhya Pradesh,Tier2,7,6,4,Development,N/A,N/A,13,Female,State,Unfunded,7,"CWG2036,gymnastics,young-talent,MP","Balance beam specialist; State U-14 gold; flexible and fearless; needs international exposure",https://www.indiangymnastics.com
Athlete,Mohammed Iqbal,Football,Srinagar,Jammu & Kashmir,Tier2,7,5,4,Development,N/A,N/A,18,Male,State,Unfunded,6,"football,J&K,conflict-zone,talent","Central midfielder; J&K state team; Real Kashmir FC academy product; plays with determination",https://www.the-aiff.com
Coach,Satpal Singh,Wrestling,Sonipat,Haryana,Tier2,9,9,3,Elite,N/A,N/A,58,Male,National,Partially_Funded,9,"CWG2036,Olympic2032,wrestling,legendary,Dronacharya","Dronacharya Awardee; trained 150+ national wrestlers; 35 years coaching experience; NIS certified",https://www.wfi.in
Coach,Rajkumar Sanatomba,Boxing,Imphal,Manipur,Tier2,9,9,4,Development,N/A,N/A,45,Male,National,Partially_Funded,9,"CWG2036,Olympic2032,boxing,northeast,NIS","NIS certified; 20 years experience; trained 80+ state-level boxers; 5 national medalists",https://www.bfi.org.in
Coach,Deepak Sharma,Shooting,Bhopal,Madhya Pradesh,Tier1,9,10,7,Elite,N/A,N/A,42,Male,International,Fully_Funded,9,"Olympic2032,shooting,MP-Academy,international","International coaching license; trained 3 Olympians; 18 years experience; SAI senior coach",https://www.nrai.in
Coach,Lakshmi Narayanan,Athletics,Coimbatore,Tamil Nadu,Tier2,8,7,5,Development,N/A,N/A,50,Male,National,Partially_Funded,7,"CWG2036,athletics,sprinting,TN,experienced","SAI certified; 25 years experience; sprint specialist; trained 60+ state athletes; NIS diploma",https://www.tnasports.org
Coach,Gurjit Kaur,Hockey,Jalandhar,Punjab,Tier2,9,7,4,Development,N/A,N/A,38,Female,National,Partially_Funded,7,"CWG2036,hockey,women,Punjab","Former national player; 12 years coaching; trained 40+ state players; Hockey India Level 2",https://www.hockeyindia.org
Coach,Ranjit Singh,Wrestling,Rohtak,Haryana,Tier3,8,7,2,Discovery,N/A,N/A,55,Male,State,Unfunded,8,"wrestling,rural-talent,self-trained,village-guru","Self-trained; 30 years at village akhada; produced 20+ district champions; zero formal certification",https://www.wfi.in
Coach,Sushma Devi,Weightlifting,Imphal,Manipur,Tier2,9,9,3,Development,N/A,N/A,40,Female,National,Partially_Funded,8,"CWG2036,Olympic2032,weightlifting,women-coach,NIS","NIS certified; coached Mirabai's juniors; 15 years experience; 30+ national-level lifters trained",https://www.iwlf.in
Coach,Prakash Rao,Badminton,Hyderabad,Telangana,Metro,8,8,7,Development,N/A,N/A,48,Male,National,Partially_Funded,7,"CWG2036,Olympic2032,badminton,Gopichand-disciple","BAI certified; 22 years experience; trained 50+ state players; studied under Gopichand methodology",https://www.bai.org.in
Coach,Anil Munda,Archery,Ranchi,Jharkhand,Tier2,8,8,4,Development,N/A,N/A,44,Male,National,Partially_Funded,8,"CWG2036,Olympic2032,archery,tribal-coach","Federation certified; 18 years experience; trained 25+ national archers; tribal background himself",https://www.archeryassociationofindia.org
Coach,Maria Kizhakkevila,Swimming,Bangalore,Karnataka,Metro,7,6,7,Development,N/A,N/A,36,Female,State,Partially_Funded,6,"CWG2036,swimming,SAI-certified,south-India","SAI certified; 10 years experience; trained 35+ state swimmers; specializes in butterfly stroke",https://www.swimmingfederation.in
Coach,Bhupender Chauhan,Boxing,Bhiwani,Haryana,Tier3,9,9,3,Development,N/A,N/A,52,Male,National,Partially_Funded,9,"CWG2036,Olympic2032,boxing,Bhiwani,legendary","Self-trained turned NIS certified; 28 years experience; trained 100+ boxers including 3 Olympians",https://www.bfi.org.in
Coach,Vijay Kumar Yadav,Judo,Nagpur,Maharashtra,Tier2,8,7,5,Development,N/A,N/A,41,Male,State,Partially_Funded,6,"CWG2036,judo,NIS-certified","NIS certified; 16 years experience; trained 20+ state medalists; black belt 4th dan",https://www.judoindia.org
Coach,Thingbaijam Nabachandra,Boxing,Thoubal,Manipur,Rural,8,7,2,Discovery,N/A,N/A,47,Male,District,Unfunded,8,"boxing,northeast,rural-coach,self-trained","Former state boxer; self-trained coach; 20 years experience; runs Thoubal Boxing Club on own funds",https://www.bfi.org.in
Coach,Rajesh Rajagopalan,Chess,Chennai,Tamil Nadu,Metro,7,5,9,Development,N/A,N/A,45,Male,National,Partially_Funded,6,"chess,TN,FIDE-trainer,digital-native","FIDE Trainer certified; 20 years experience; trained 15+ titled players; online and offline coaching",https://www.aicf.in
Coach,Sukhwinder Kaur,Athletics,Patiala,Punjab,Tier2,8,7,5,Development,N/A,N/A,43,Female,National,Partially_Funded,7,"CWG2036,athletics,women-coach,NIS,throws","NIS certified; 18 years experience; throws specialist; trained 25+ national throwers",https://www.nispatiala.nic.in
Coach,Dinesh Bahadur,Wrestling,Lucknow,Uttar Pradesh,Tier1,8,7,4,Development,N/A,N/A,49,Male,State,Partially_Funded,7,"CWG2036,wrestling,UP,SAI-certified","SAI certified; 22 years experience; 45+ state wrestlers trained; runs UP government academy",https://www.wfi.in
Coach,Punam Yadav Coach,Weightlifting,Varanasi,Uttar Pradesh,Tier2,8,8,3,Development,N/A,N/A,37,Female,National,Unfunded,7,"CWG2036,Olympic2032,weightlifting,women-coach,UP","Former national lifter; 10 years coaching; self-funded coaching programme; 15+ state lifters trained",https://www.iwlf.in
Coach,Kuldeep Handoo,Hockey,Sundargarh,Odisha,Rural,9,7,3,Development,N/A,N/A,46,Male,National,Partially_Funded,8,"CWG2036,hockey,tribal-development,Odisha","Hockey India Level 3; 20 years in Sundargarh; trained 50+ tribal players; 3 Indian team members",https://www.hockeyindia.org
Coach,Raj Mohan,Table Tennis,Kolkata,West Bengal,Metro,7,6,6,Development,N/A,N/A,39,Male,State,Partially_Funded,5,"CWG2036,table-tennis,Bengal,ITTF-certified","ITTF Level 2 certified; 14 years experience; trained 20+ state players; runs KTTC coaching",https://www.ttfi.org
Coach,Meera Nair,Athletics,Thiruvananthapuram,Kerala,Tier2,8,7,5,Development,N/A,N/A,44,Female,State,Partially_Funded,7,"CWG2036,athletics,Kerala,SAI,jumps","SAI certified; 19 years experience; long jump and triple jump specialist; 30+ state athletes trained",https://www.keralasports.org
Coach,Bikram Soren,Archery,Simdega,Jharkhand,Rural,7,7,2,Discovery,N/A,N/A,50,Male,District,Unfunded,7,"archery,tribal-coach,self-trained,rural","Self-trained; tribal archery master; 25 years experience; identifies raw talent at tribal festivals; no formal certification",https://www.jharkhandsports.gov.in
Coach,Deepak Punia Sr,Wrestling,Hisar,Haryana,Tier3,9,8,2,Discovery,N/A,N/A,53,Male,National,Unfunded,8,"wrestling,village-guru,Haryana,freestyle","Arjuna Awardee wrestler turned coach; 25 years coaching; 60+ wrestlers trained; runs mud-pit akhada",https://www.wfi.in
Coach,Jasmine Kaur,Cycling,Chandigarh,Punjab,Tier1,7,6,5,Development,N/A,N/A,35,Female,State,Unfunded,5,"CWG2036,cycling,women-coach,Punjab","Former state cyclist; 8 years coaching; SAI Level 1; 15+ state cyclists trained; needs funding",https://www.cyclingfederation.in
Coach,Ramesh Babu,Football,Kolkata,West Bengal,Metro,7,5,6,Development,N/A,N/A,51,Male,National,Partially_Funded,5,"football,Bengal,AFC-licensed,experienced","AFC B License; 26 years experience; former Mohun Bagan player; runs grassroots academy in Kolkata",https://www.the-aiff.com
Coach,Bina Devi,Boxing,Guwahati,Assam,Tier2,8,8,3,Development,N/A,N/A,41,Female,State,Unfunded,7,"CWG2036,boxing,women-coach,northeast,self-trained","Self-trained; former state boxer; 12 years coaching; 20+ state boxers trained; needs NIS certification",https://www.bfi.org.in
Coach,Sunil Dabas,Kabaddi,Ahmedabad,Gujarat,Tier1,7,3,5,Development,N/A,N/A,43,Male,National,Partially_Funded,5,"kabaddi,Gujarat,PKL-experienced","Former PKL player; 10 years coaching; trained 30+ state players; SAI certified",https://www.prokabaddi.com
Academy,Gandhinagar Archery Centre,Archery,Gandhinagar,Gujarat,Tier1,7,7,5,Development,35,N/A,N/A,Mixed,State,Partially_Funded,6,"archery,Gujarat,emerging","New archery facility; 2 coaches; compound and recurve training; Gujarat government supported",https://www.gujaratsports.gov.in
Academy,Varanasi Wrestling Akhada,Wrestling,Varanasi,Uttar Pradesh,Tier2,8,7,2,Discovery,40,N/A,N/A,Male,District,Unfunded,7,"wrestling,UP,traditional-akhada,heritage","Historic akhada near ghats; 60+ year tradition; mud-pit wrestling; produces district champions",https://www.wfi.in
Academy,Shillong Archery Academy,Archery,Shillong,Meghalaya,Tier2,7,7,3,Development,30,N/A,N/A,Mixed,State,Unfunded,7,"archery,northeast,Khasi-tradition","Khasi archery tradition modernized; recurve training; state government grant pending",https://www.meghalayasports.gov.in
Academy,Bhubaneswar Athletics Centre,Athletics,Bhubaneswar,Odisha,Tier1,8,7,6,Development,65,N/A,N/A,Mixed,State,Partially_Funded,7,"CWG2036,athletics,Odisha,Kalinga","Part of Kalinga Stadium complex; synthetic track; 3 SAI coaches; feeds into national camps",https://www.odishasports.gov.in
Academy,Amritsar Gatka & Wrestling Academy,Wrestling,Amritsar,Punjab,Tier2,7,6,3,Development,30,N/A,N/A,Male,District,Unfunded,6,"wrestling,Punjab,gatka,traditional","Combines Sikh martial art Gatka with modern wrestling; cultural preservation meets competitive sport",https://www.punjabsports.gov.in
Academy,Rajkot Cricket & Athletics Academy,Athletics,Rajkot,Gujarat,Tier2,7,6,5,Development,55,N/A,N/A,Mixed,State,Partially_Funded,6,"athletics,Gujarat,multi-sport","Track and field focus; 400m synthetic track; 2 NIS coaches; growing competitive program",https://www.gujaratsports.gov.in
Academy,Agartala Boxing Club,Boxing,Agartala,Tripura,Tier3,8,7,3,Discovery,20,N/A,N/A,Mixed,District,Unfunded,7,"boxing,northeast,emerging,Tripura","Small but producing district champions; NE boxing culture extending to Tripura; needs equipment",https://www.bfi.org.in
Academy,Dharwad Kabaddi Academy,Kabaddi,Dharwad,Karnataka,Tier3,7,3,4,Development,40,N/A,N/A,Mixed,State,Partially_Funded,5,"kabaddi,Karnataka,PKL-feeder","North Karnataka kabaddi tradition; produces Pro Kabaddi talent; 2 coaches",https://www.prokabaddi.com
Academy,Dehradun Shooting Range,Shooting,Dehradun,Uttarakhand,Tier2,9,10,6,Development,30,N/A,N/A,Mixed,State,Partially_Funded,8,"Olympic2032,shooting,hill-state,emerging","10m electronic range; military influence in coaching; Doon Valley shooting culture; 1 NIS coach",https://www.nrai.in
Athlete,Kavita Rawat,Athletics,Dehradun,Uttarakhand,Tier2,8,7,4,Development,N/A,N/A,22,Female,National,Unfunded,7,"CWG2036,athletics,distance-running,hill-talent","5000m in 16:18; altitude-trained natural endurance; National Inter-State 4th; needs sponsorship",https://www.afi.org.in
Athlete,Arjun Munda,Hockey,Rourkela,Odisha,Rural,9,7,3,Development,N/A,N/A,16,Male,State,Partially_Funded,8,"CWG2036,hockey,tribal-talent,Odisha,youth","Tribal defender; Odisha U-17 state team; strong tackling; Sundargarh hockey nursery product",https://www.hockeyindia.org
Athlete,Sneha Jadhav,Judo,Pune,Maharashtra,Metro,8,7,6,Development,N/A,N/A,20,Female,National,Partially_Funded,7,"CWG2036,judo,Maharashtra,women","63kg; National bronze; ippon specialist; trains at Pune SAI centre",https://www.judoindia.org
Athlete,Pankaj Negi,Shooting,Dehradun,Uttarakhand,Tier2,9,10,6,Development,N/A,N/A,21,Male,National,Partially_Funded,8,"Olympic2032,shooting,rifle,hill-state","50m Rifle Prone 618.5; Junior National gold; military family background; focused and disciplined",https://www.nrai.in
Athlete,Amrita Das,Swimming,Kolkata,West Bengal,Metro,7,6,6,Development,N/A,N/A,17,Female,State,Partially_Funded,6,"CWG2036,swimming,Bengal,women","100m freestyle 59.8s; State U-18 champion; trains at SAI Kolkata aquatic centre",https://www.swimmingfederation.in
Athlete,Harsh Vardhan,Kabaddi,Bareilly,Uttar Pradesh,Tier3,7,3,3,Development,N/A,N/A,23,Male,State,Unfunded,5,"kabaddi,UP,PKL-prospect,rural","All-rounder; 48 raid points and 35 tackle points in state league; PKL trial invitee",https://www.prokabaddi.com
Athlete,Priyanka Goswami Jr,Athletics,Sonipat,Haryana,Tier2,8,8,5,Development,N/A,N/A,19,Female,National,Partially_Funded,8,"CWG2036,Olympic2032,race-walk,Haryana","20km race walk in 1:34:20; Junior National silver; following Priyanka Goswami's path; SAI trainee",https://www.afi.org.in
Athlete,Aman Sehrawat Jr,Wrestling,Hisar,Haryana,Tier3,9,9,2,Discovery,N/A,N/A,14,Male,District,Unfunded,9,"CWG2036,Olympic2032,wrestling,rural-talent,prodigy","57kg; Unbeaten in Hisar district; natural technique; coaches call him next Sehrawat; pure village talent",https://www.wfi.in
Coach,Narendra Jakhar,Shooting,Jaipur,Rajasthan,Tier1,9,10,6,Development,N/A,N/A,47,Male,National,Partially_Funded,7,"Olympic2032,shooting,Rajasthan,NIS","NIS certified; 20 years experience; trained 15+ national shooters; runs private academy",https://www.nrai.in
Coach,Geeta Phogat Sr,Wrestling,Bhiwani,Haryana,Tier3,9,9,4,Development,N/A,N/A,36,Female,National,Partially_Funded,9,"CWG2036,Olympic2032,wrestling,women-coach,Phogat-legacy","CWG gold medalist turned coach; 8 years coaching; 20+ women wrestlers trained; iconic role model",https://www.wfi.in
Coach,Anthony Dung Dung,Hockey,Sundargarh,Odisha,Rural,9,7,3,Development,N/A,N/A,48,Male,National,Partially_Funded,8,"CWG2036,hockey,tribal-coach,Odisha","Former national player; 22 years coaching tribal youth; 40+ state players; Hockey India Level 2",https://www.hockeyindia.org
Coach,Paramjeet Kaur,Athletics,Ludhiana,Punjab,Tier2,8,7,4,Development,N/A,N/A,40,Female,State,Unfunded,6,"CWG2036,athletics,Punjab,women-coach,distance","SAI certified; 15 years experience; middle-distance specialist; 20+ state athletes trained",https://www.afi.org.in
